name,rom_name,en_name
,,A Niu
,,A Si
,,A-do
,,A-Lin
,,A-Mei Chang
,,A.R. Rahman
,,Aaron Kwok
,,Abin Fang
,,Ada Zhuang
,,AGA
,,Akina Nakamori
,,Alex To
,,Alien Huang
,,Andy Hui
,,Andy Lau
,,Ariana Grande
,,Bananarama
,,Bedroom Audio
,,Ben E. King
,,Beyond
,,Bill Withers
,,Bon Jovi
,,Brian McKnight
,,Bruno Mars
,,Calum Scott
,,Camila Cabello
,,Cass Phang
,,Chilam
,,Christie
,,Christine Fan
,,Chyi Chin
,,Coldplay
,,Counting Crows
,,Crowd Lu
,,Cyndi Lauper
,,Cyndi Wang
,,Daniela Andrade
,,Dato Siti Nurhaliza
,,Dave Wong
,,David Tao
,,Dawen Wang
,,Della
,,Donna Lewis
,,Eagles
,,Eason Chan
,,Ekin Cheng
,,Elton John
,,Elva Hsiao
,,En
,,Eric Chou
,,Evan Yo
,,EXO
,,F.I.R.
,,F.I.R.飛兒樂團
,,F4
,,Faye Wong
,,Fish Leong
,,Frank Sinatra
,,Frankie Valli
,,G.E.M.
,,Gary Chaw
,,Gentle Bones
,,George Michael
,,Grasshopper
,,Hacken Lee
,,Harlem Yu
,,Hoang Thuy Linh
,,HONNE
,,Howie Day
,,Hunter Hayes
,,Idina Menzel
,,Indecent Obsession
,,Isaac Yong
,,IU
,,Jacky Cheung
,,Jason Mraz
,,Jay Chou
,,Jaz
,,Jeff Chang
,,Jerry Yan
,,Jesse McCartney
,,Jim Brickman
,,Jimi Hendrix
,,Jinny Ng
,,JJ Lin
,,Joey Yung
,,John Denver
,,John Legend
,,John Lennon
,,Joker Xue
,,Jolin Tsai
,,Jon McLaughlin
,,Julie Sue
,,Karen Mok
,,Karyn White
,,Katrina & The Waves
,,Katy Perry
,,Keala Settle
,,Kelly Pan
,,Kenji Wu
,,Khalil Fong
,,Kina Grannis
,,Kit Chan
,,Kristen Bell
,,Kuana Torres Kahele
,,Kwan Gor
,,LaLa Hsu
,,Lana Del Rey
,,Landy Wen
,,Leehom Wang
,,Lennerd
,,Leon Lai
,,Leona Lewis
,,Leslie Cheung
,,Lewis Capaldi
,,Lifehouse
,,Lin Hsin Yi
,,Linkin Park
,,Lionel Richie
,,Luther Vandross
,,Man Bai
,,Mao Buyi
,,Mariya Takeuchi
,,Mark Ronson
,,Maroon 5
,,Mavis Fan
,,Mavis Hee
,,Mayday
,,MICappella
,,Michael Bublé
,,Michael Jackson
,,Michael Learns To Rock
,,Michael Wong
,,MIN
,,Miriam Yeung
,,Naim Daniel
,,Naomi Scott
,,Nat Wu
,,Natalie Imbruglia
,,NEKO Highway
,,Nine Chen
,,Oh Honey
,,OHMYMEITING
,,Olivia Ong
,,One Direction
,,OneRepublic
,,Philip Bailey
,,Pika Chiu
,,Power Station
,,Punch
,,Queen
,,R-chord
,,Radiohead
,,Rainie Yang
,,Randy Newman
,,Richie Jen
,,Rick Astley
,,Ricky Martin
,,Ronald Cheng
,,Ronghao Li
,,Ruth Kueo
,,Ryann Darling
,,S.H.E
,,Sam Lee
,,Sammi Cheng
,,Samuel E. Wright
,,Sandy Lam
,,Sarah Chen
,,Shania Twain
,,Shawn Mendes
,,Shin
,,Shirley Chen
,,Silence Wang
,,SKY WU
,,Skylar Grey
,,Sơn Tùng M-TP
,,Spice Girls
,,Stefanie Sun
,,StellaVee
,,Stevie Wonder
,,Sukhwinder Singh
,,TANK 呂建忠
,,Tanya Chua
,,Taylor Swift
,,Teresa Teng
,,TFBOYS
,,The Band Perry
,,The Chainsmokers
,,The Weeknd
,,Tien Tien
,,Tiger Hu
,,Tingzhi.Hz
,,Tones and I
,,Waa Wei
,,Wakin Chau
,,Wang Jun Qi
,,WeiBird
,,Will Pan
,,Wu Bai
,,Wu Jia Hui
,,Xiao Yu
,,Yida Huang
,,Yoga Lin
,,Yokez
,,Zerlene 鄭潔伶
,,Zhang Yu Sheng
,,Zhang Zhen Yue
,,Zubir Said
,,任然
,,克麗絲叮
,,冷漠
,,劉人語
,,吳青峰
,,寶石Gem
,,巫啟賢
,,李季美
,,林凡
,,梁文福
,,梦然
,,棉子
,,湯寶如
,,王貳浪
,,王靖雯不胖
,,胡66
,,許嵩
,,趙詠華
,,那英
,,阿冗
,,阿涵
,,陳立農
,,陳雪燃
,,颜黎明
,,A-Lin
,,A-Mei Chang
,,Aaron Kwok
,,Ada Zhuang
,,AGA
,,Beyond
,,Bruno Mars
,,Coldplay
,,Crowd Lu
,,Dave Wong
,,David Tao
,,Della
,,Eason Chan
,,Ekin Cheng
,,Elton John
,,Eric Chou
,,F.I.R.
,,Faye Wong
,,Fish Leong
,,G.E.M.
,,Gary Chaw
,,Harlem Yu
,,HONNE
,,Isaac Yong
,,Jacky Cheung
,,Jay Chou
,,Jeff Chang
,,JJ Lin
,,John Legend
,,Joker Xue
,,Jolin Tsai
,,Karen Mok
,,Katy Perry
,,Khalil Fong
,,Kristen Bell
,,Landy Wen
,,Leehom Wang
,,Mavis Hee
,,Mayday
,,Min
,,Natalie Imbruglia
,,Power Station
,,Rainie Yang
,,Rick Astley
,,Ronghao Li
,,S.H.E
,,Sam Lee
,,Sammi Cheng
,,Sandy Lam
,,Stefanie Sun
,,Tanya Chua
,,Teresa Teng
,,The Weeknd
,,Tiger Hu
,,Wu Bai
,,Wu Jia Hui
,,Yoga Lin
,,Yokez
,,Zhang Yu Sheng
,,Zhang Zhen Yue
,,任然
,,許嵩
,,颜黎明
,,A-Lin
,,A-Mei Chang
,,Aaron Kwok
,,Beyond
,,Bruno Mars
,,Coldplay
,,Crowd Lu
,,David Tao
,,Eason Chan
,,Elton John
,,Eric Chou
,,Faye Wong
,,Fish Leong
,,G.E.M.
,,Gary Chaw
,,Isaac Yong
,,Jacky Cheung
,,Jay Chou
,,JJ Lin
,,Jolin Tsai
,,Karen Mok
,,Khalil Fong
,,Leehom Wang
,,Mavis Hee
,,Mayday
,,Power Station
,,Rainie Yang
,,Ronghao Li
,,Stefanie Sun
,,Tanya Chua
,,Teresa Teng
,,The Weeknd
,,Yoga Lin
,,許嵩
,,A-Mei Chang
,,Aaron Kwok
,,Beyond
,,Coldplay
,,David Tao
,,Eason Chan
,,Eric Chou
,,Faye Wong
,,G.E.M.
,,Jacky Cheung
,,Jay Chou
,,JJ Lin
,,Khalil Fong
,,Leehom Wang
,,Mavis Hee
,,Mayday
,,Ronghao Li
,,Stefanie Sun
,,Teresa Teng
,,Yoga Lin
,,Aaron Kwok
,,Coldplay
,,David Tao
,,Eason Chan
,,Faye Wong
,,G.E.M.
,,Jacky Cheung
,,Jay Chou
,,JJ Lin
,,Leehom Wang
,,Mayday
,,Ronghao Li
,,Aaron Kwok
,,David Tao
,,Faye Wong
,,Jacky Cheung
,,Jay Chou
,,JJ Lin
,,Leehom Wang
,,Mayday
,,Ronghao Li
,,Aaron Kwok
,,David Tao
,,Faye Wong
,,Jacky Cheung
,,Jay Chou
,,JJ Lin
,,Leehom Wang
,,Mayday
,,Ronghao Li
,,831
,,黄宏墨